Player,Nation,Age,Pos,G,GS,MP,FG,3P,2P,AST,STL,BLK,TOV,PTS,Team
Mouhamed Gueye,sn SEN,22,PF,33,28,533,72,21,51,27,28,33,15,197,Atlanta Hawks
Keaton Wallace,us USA,25,PG,31,5,501,65,27,38,81,28,9,33,168,Atlanta Hawks
Zaccharie Risacher,fr FRA,19,SF,75,73,1843,357,122,235,92,52,37,92,942,Atlanta Hawks
Daeqwon Plowden,us USA,26,SG,6,0,72,16,9,7,2,0,0,4,43,Atlanta Hawks
Jacob Toppin,us USA,24,SF,1,0,27,6,5,1,2,0,0,1,17,Atlanta Hawks
Kobe Bufkin,us USA,21,SG,10,0,124,18,4,14,17,3,2,8,53,Atlanta Hawks
Caris LeVert,us USA,30,SG,26,0,692,145,46,99,75,24,14,25,388,Atlanta Hawks
Jalen Johnson,us USA,23,SF,36,36,1284,271,44,227,181,56,36,106,680,Atlanta Hawks
Larry Nance Jr.,us USA,32,PF,24,3,463,80,34,46,38,20,13,16,203,Atlanta Hawks
Trae Young,us USA,26,PG,76,76,2739,566,218,348,880,91,12,355,1841,Atlanta Hawks
Onyeka Okongwu,us USA,24,C,74,40,2064,388,48,340,168,69,68,90,988,Atlanta Hawks
Dyson Daniels,au AUS,21,SG,76,76,2571,455,80,375,333,229,55,155,1073,Atlanta Hawks
Georges Niang,us USA,31,PF,28,2,644,120,76,44,44,11,7,34,339,Atlanta Hawks
Clint Capela,ch SUI,30,C,55,41,1176,218,0,218,62,34,53,47,488,Atlanta Hawks
Terance Mann,us USA,28,SG,30,1,682,118,34,84,62,19,4,22,294,Atlanta Hawks
Dominick Barlow,us USA,21,SF,35,4,375,60,7,53,19,9,16,5,148,Atlanta Hawks
Georges Niang,us USA,31,PF,79,3,1697,286,166,120,111,28,14,82,784,Atlanta Hawks
Garrison Mathews,us USA,28,SG,47,2,830,102,85,17,60,26,15,31,353,Atlanta Hawks
Vit Krejci,cz CZE,24,PG,57,16,1153,145,90,55,147,36,26,50,412,Atlanta Hawks
Luke Kornet,us USA,29,C,73,16,1361,187,0,187,117,36,71,31,441,Boston Celtics
Kristaps Porzingis,lv LVA,29,C,42,42,1210,277,103,174,87,31,63,53,818,Boston Celtics
Jaylen Brown,us USA,28,SF,63,63,2158,518,116,402,286,73,19,162,1398,Boston Celtics
Sam Hauser,us USA,27,PF,71,19,1541,214,166,48,64,41,13,23,605,Boston Celtics
Xavier Tillman Sr.,us USA,26,C,33,2,231,13,5,8,7,11,5,14,34,Boston Celtics
Jrue Holiday,us USA,34,PG,62,62,1896,254,108,146,239,66,27,77,686,Boston Celtics
Al Horford,do DOM,38,C,60,42,1659,195,114,81,128,36,51,46,538,Boston Celtics
Miles Norris,us USA,24,PF,3,0,35,2,2,0,0,2,1,0,7,Boston Celtics
Payton Pritchard,us USA,27,PG,80,3,2271,409,255,154,279,70,14,83,1144,Boston Celtics
JD Davison,us USA,22,PG,16,0,93,12,4,8,13,5,1,13,33,Boston Celtics
Derrick White,us USA,30,SG,76,76,2574,424,265,159,361,72,80,131,1248,Boston Celtics
Torrey Craig,us USA,34,SF,17,3,201,16,9,7,12,6,11,8,46,Boston Celtics
Baylor Scheierman,us USA,24,SG,31,2,384,39,26,13,33,17,2,12,113,Boston Celtics
Jordan Walsh,us USA,20,PF,52,1,403,30,15,15,19,12,11,17,82,Boston Celtics
Drew Peterson,us USA,25,PF,25,1,186,17,13,4,13,5,2,8,54,Boston Celtics
Jayson Tatum,us USA,26,PF,72,72,2624,662,250,412,431,76,38,209,1932,Boston Celtics
Neemias Queta,pt POR,25,C,62,6,863,132,0,132,45,18,42,40,310,Boston Celtics
Keon Johnson,us USA,22,SG,79,56,1925,303,126,177,175,82,30,116,839,Brooklyn Nets
Day'Ron Sharpe,us USA,23,C,50,2,907,165,11,154,91,41,42,63,397,Brooklyn Nets
Cam Thomas,us USA,23,SG,25,23,781,199,68,131,94,15,2,62,599,Brooklyn Nets
Maxwell Lewis,us USA,22,SF,21,1,298,43,19,24,17,8,7,12,112,Brooklyn Nets
Nic Claxton,us USA,25,C,70,62,1882,320,5,315,157,62,100,87,724,Brooklyn Nets
Ziaire Williams,us USA,23,SF,63,45,1541,214,103,111,84,62,28,67,632,Brooklyn Nets
D'Angelo Russell,us USA,28,PG,29,26,717,120,57,63,161,33,19,58,373,Brooklyn Nets
Cui Yongxi,cn CHN,21,SG,5,0,10,1,0,1,0,0,0,0,3,Brooklyn Nets
Noah Clowney,us USA,20,PF,46,20,1042,133,87,46,40,24,21,46,420,Brooklyn Nets
Jalen Wilson,us USA,24,PF,79,22,2031,246,122,124,145,40,5,79,749,Brooklyn Nets
Killian Hayes,fr FRA,23,PG,6,5,162,18,8,10,31,4,4,9,54,Brooklyn Nets
Tyrese Martin,us USA,25,SG,60,11,1315,189,99,90,122,34,9,74,523,Brooklyn Nets
Reece Beekman,us USA,23,PG,34,4,465,34,7,27,62,32,2,21,91,Brooklyn Nets
Trendon Watford,us USA,24,PF,44,6,913,164,29,135,115,27,12,83,450,Brooklyn Nets
Tosan Evbuomwan,gb GBR,23,SF,28,0,665,94,24,70,55,24,10,39,267,Brooklyn Nets
Dariq Whitehead,us USA,20,SF,20,0,246,39,33,6,12,6,1,15,114,Brooklyn Nets
Tyson Etienne,us USA,25,PG,7,0,151,17,13,4,12,3,1,8,55,Brooklyn Nets
Drew Timme,us USA,24,PF,9,2,254,45,9,36,20,4,1,15,109,Brooklyn Nets
Cameron Johnson,us USA,28,PF,57,57,1800,355,159,196,194,53,25,99,1070,Brooklyn Nets
Coby White,us USA,24,SG,74,73,2450,508,216,292,330,69,16,177,1509,Chicago Bulls
Lonzo Ball,us USA,27,PG,35,14,777,89,67,22,115,47,17,41,267,Chicago Bulls
Jalen Smith,us USA,24,C,64,2,962,190,72,118,65,17,44,37,524,Chicago Bulls
Matas Buzelis,us USA,20,SF,80,31,1511,252,96,156,79,29,75,74,688,Chicago Bulls
Kevin Huerter,us USA,26,SG,26,16,780,129,70,59,82,30,7,30,343,Chicago Bulls
Emanuel Miller,ca CAN,24,PF,6,0,25,4,0,4,2,1,0,0,10,Chicago Bulls
Zach Collins,us USA,27,PF,28,8,552,92,18,74,59,15,14,37,240,Chicago Bulls
Ayo Dosunmu,us USA,25,SG,46,26,1394,221,62,159,208,43,18,69,566,Chicago Bulls
Jahmir Young,us USA,24,PG,6,0,30,4,1,3,6,0,0,1,11,Chicago Bulls
Chris Duarte,do DOM,27,SG,17,0,74,12,6,6,9,0,0,1,36,Chicago Bulls
Patrick Williams,us USA,23,PF,63,36,1576,205,96,109,124,48,32,86,566,Chicago Bulls
Nikola Vucevic,me MNE,34,C,73,72,2278,550,129,421,256,61,52,119,1349,Chicago Bulls
Josh Giddey,au AUS,22,PG,70,69,2117,371,105,266,503,84,45,202,1022,Chicago Bulls
Jevon Carter,us USA,29,PG,36,1,321,55,35,20,40,13,3,11,153,Chicago Bulls
E.J. Liddell,us USA,24,PF,12,0,53,8,3,5,3,1,1,2,21,Chicago Bulls
Dalen Terry,us USA,22,SG,73,5,987,120,37,83,97,44,15,53,326,Chicago Bulls
Tre Jones,us USA,25,PG,18,9,455,83,11,72,88,19,5,14,207,Chicago Bulls
Julian Phillips,us USA,21,SF,79,5,1123,128,50,78,39,38,20,27,366,Chicago Bulls
Talen Horton-Tucker,us USA,24,SG,58,0,724,133,41,92,83,21,11,40,379,Chicago Bulls
Adama Sanogo,ml MLI,22,C,4,0,21,4,0,4,1,0,0,1,8,Chicago Bulls
Damion Baugh,us USA,24,SG,15,2,370,42,12,30,56,15,2,31,109,Charlotte Hornets
Miles Bridges,us USA,26,PF,64,64,2029,469,141,328,248,44,45,136,1300,Charlotte Hornets
Jusuf Nurkic,ba BIH,30,C,26,9,471,94,13,81,68,17,18,40,238,Charlotte Hornets
Seth Curry,us USA,34,SG,68,14,1062,164,83,81,60,27,7,32,444,Charlotte Hornets
Isaiah Wong,us USA,24,SG,20,0,265,41,13,28,28,11,0,18,120,Charlotte Hornets
KJ Simpson,us USA,22,PG,36,15,842,104,33,71,112,34,6,56,282,Charlotte Hornets
LaMelo Ball,us USA,23,PG,47,47,1505,406,179,227,346,54,13,167,1184,Charlotte Hornets
Tidjane Salaun,fr FRA,19,PF,60,10,1244,114,58,56,74,29,14,58,353,Charlotte Hornets
Malachi Flynn,us USA,26,PG,4,0,44,5,1,4,7,3,0,4,16,Charlotte Hornets
Josh Green,au AUS,24,SG,68,67,1887,180,97,83,108,74,15,70,506,Charlotte Hornets
Moussa Diabate,fr FRA,23,C,71,8,1241,167,0,167,56,46,40,61,403,Charlotte Hornets
Taj Gibson,us USA,39,C,37,11,409,47,1,46,21,9,18,25,107,Charlotte Hornets
Josh Okogie,ng NGA,26,SG,15,6,274,38,16,22,19,27,8,15,133,Charlotte Hornets
DaQuan Jeffries,us USA,27,SG,47,20,1071,118,55,63,53,26,25,35,315,Charlotte Hornets
Grant Williams,us USA,26,PF,16,7,479,54,27,27,37,18,13,28,166,Charlotte Hornets
Nick Smith Jr.,us USA,20,SG,60,27,1369,222,104,118,145,17,6,82,591,Charlotte Hornets
Jaylen Sims,us USA,26,SG,6,0,112,12,6,6,12,3,1,8,42,Charlotte Hornets
Marcus Garrett,us USA,26,SG,4,0,79,11,3,8,13,3,2,6,28,Charlotte Hornets
Mark Williams,us USA,23,C,44,41,1171,270,0,270,109,32,54,71,671,Charlotte Hornets
Tre Mann,us USA,23,PG,13,0,319,70,24,46,39,7,4,25,183,Charlotte Hornets
Brandon Miller,us USA,22,SF,27,27,924,198,104,94,98,29,20,76,568,Charlotte Hornets
Wendell Moore Jr.,us USA,23,SG,16,0,280,36,10,26,19,10,2,18,87,Charlotte Hornets
Elfrid Payton,us USA,30,PG,6,2,123,3,0,3,20,6,3,7,6,Charlotte Hornets
Javonte Green,us USA,31,SG,18,1,166,23,8,15,11,10,1,4,59,Cleveland Cavaliers
Donovan Mitchell,us USA,28,SG,71,71,2232,585,233,352,354,95,17,149,1701,Cleveland Cavaliers
Dean Wade,us USA,28,PF,59,30,1252,112,80,32,76,42,20,22,320,Cleveland Cavaliers
Luke Travers,au AUS,23,SG,12,0,88,5,0,5,8,1,1,8,12,Cleveland Cavaliers
Jaylon Tyson,us USA,22,SG,47,3,453,64,20,44,44,13,3,26,167,Cleveland Cavaliers
Jarrett Allen,us USA,26,C,82,82,2296,452,0,452,158,77,73,97,1103,Cleveland Cavaliers
Evan Mobley,us USA,23,PF,71,71,2167,505,85,420,226,61,113,145,1316,Cleveland Cavaliers
Isaac Okoro,us USA,24,SG,55,22,1053,124,56,68,68,32,16,23,337,Cleveland Cavaliers
Darius Garland,us USA,25,PG,75,75,2301,554,212,342,506,91,11,189,1544,Cleveland Cavaliers
De'Andre Hunter,us USA,27,SF,27,5,676,131,60,71,35,19,8,23,386,Cleveland Cavaliers
Craig Porter Jr.,us USA,24,PG,51,1,513,72,21,51,71,17,15,38,188,Cleveland Cavaliers
Tristan Thompson,ca CAN,33,C,40,0,328,31,0,31,24,2,11,14,69,Cleveland Cavaliers
Chuma Okeke,us USA,26,PF,2,0,25,2,1,1,2,0,1,0,5,Cleveland Cavaliers
Nae'Qwan Tomlin,us USA,24,PF,5,1,63,13,2,11,2,0,1,2,36,Cleveland Cavaliers
Georges Niang,us USA,31,PF,51,1,1053,166,90,76,67,17,7,48,445,Cleveland Cavaliers
Sam Merrill,us USA,28,SG,71,4,1401,172,137,35,108,53,14,35,509,Cleveland Cavaliers
Max Strus,us USA,28,SF,50,37,1273,165,113,52,158,26,12,54,471,Cleveland Cavaliers
Emoni Bates,us USA,21,SF,10,0,75,13,11,2,8,1,1,2,37,Cleveland Cavaliers
Ty Jerome,us USA,27,SG,70,3,1392,319,111,208,237,78,3,92,878,Cleveland Cavaliers
P.J. Washington,us USA,26,PF,57,56,1835,301,91,210,131,63,60,118,836,Dallas Mavericks
Klay Thompson,us USA,34,SF,72,72,1965,361,216,145,145,50,30,88,1005,Dallas Mavericks
Jaden Hardy,us USA,22,SG,57,3,907,180,76,104,81,28,5,82,496,Dallas Mavericks
Spencer Dinwiddie,us USA,31,PG,79,30,2136,284,109,175,349,70,17,102,872,Dallas Mavericks
Jazian Gortman,us USA,21,PG,16,0,57,9,4,5,6,2,1,5,24,Dallas Mavericks
Anthony Davis,us USA,31,PF,51,51,1706,470,35,435,181,59,110,113,1261,Dallas Mavericks
Dante Exum,au AUS,29,PG,20,13,372,64,23,41,56,12,3,22,174,Dallas Mavericks
Dwight Powell,ca CAN,33,C,55,3,551,42,2,40,55,18,21,18,114,Dallas Mavericks
Caleb Martin,us USA,29,SF,14,0,275,28,4,24,26,12,3,13,75,Dallas Mavericks
Naji Marshall,us USA,27,SF,69,31,1919,362,60,302,208,70,11,112,914,Dallas Mavericks
Maxi Kleber,de GER,33,PF,34,4,637,37,13,24,43,9,17,23,103,Dallas Mavericks
Olivier-Maxence Prosper,ca CAN,22,PF,52,4,584,70,12,58,40,26,6,14,201,Dallas Mavericks
Kessler Edwards,us USA,24,SF,40,18,608,67,22,45,42,19,20,16,168,Dallas Mavericks
Moses Brown,us USA,25,C,4,2,73,21,0,21,2,4,3,5,47,Dallas Mavericks
Anthony Davis,us USA,31,PF,9,9,266,70,7,63,40,5,20,20,180,Dallas Mavericks
Kylor Kelley,us USA,27,C,8,1,67,10,0,10,2,0,2,1,24,Dallas Mavericks
Kyrie Irving,us USA,32,SG,50,50,1804,447,144,303,231,66,23,111,1234,Dallas Mavericks
Daniel Gafford,us USA,26,C,57,31,1226,283,0,283,80,23,102,66,701,Dallas Mavericks
Kai Jones,bs BHS,24,C,12,6,260,61,1,60,15,9,10,8,137,Dallas Mavericks
Max Christie,us USA,21,SG,32,11,973,124,55,69,80,29,10,49,359,Dallas Mavericks
Dereck Lively II,us USA,20,C,36,29,833,134,0,134,85,20,56,41,314,Dallas Mavericks
Brandon Williams,us USA,25,PG,33,3,487,98,24,74,76,24,5,39,275,Dallas Mavericks
Dario Saric,hr CRO,30,C,16,4,210,21,7,14,23,7,1,15,56,Denver Nuggets
Trey Alexander,us USA,21,SG,24,0,117,13,3,10,11,2,1,5,32,Denver Nuggets
PJ Hall,us USA,22,C,19,0,66,14,2,12,4,0,4,2,33,Denver Nuggets
Russell Westbrook,us USA,36,PG,75,36,2092,373,94,279,457,106,37,242,994,Denver Nuggets
Christian Braun,us USA,23,SG,79,77,2675,476,89,387,205,85,37,81,1218,Denver Nuggets
Aaron Gordon,us USA,29,PF,51,42,1447,264,75,189,164,23,14,73,748,Denver Nuggets
Julian Strawther,us USA,22,SG,65,4,1384,210,94,116,83,39,16,57,588,Denver Nuggets
Michael Porter Jr.,us USA,26,SF,77,77,2593,528,193,335,165,50,38,104,1398,Denver Nuggets
Jalen Pickett,us USA,25,SG,49,4,666,77,40,37,107,19,5,24,200,Denver Nuggets
DeAndre Jordan,us USA,36,C,56,5,691,91,0,91,53,16,27,40,209,Denver Nuggets
Vlatko Cancar,si SVN,27,PF,13,0,136,10,4,6,9,3,2,11,24,Denver Nuggets
Jamal Murray,ca CAN,27,PG,67,67,2418,531,156,375,403,91,33,138,1436,Denver Nuggets
Peyton Watson,us USA,22,SF,68,18,1656,204,48,156,94,48,93,56,551,Denver Nuggets
Nikola Jokic,rs SRB,29,C,70,70,2571,786,138,648,716,127,45,230,2071,Denver Nuggets
Zeke Nnaji,us USA,24,PF,57,4,608,70,17,53,23,25,38,14,184,Denver Nuggets
Hunter Tyson,us USA,24,PF,51,2,400,45,23,22,20,10,6,14,134,Denver Nuggets
Spencer Jones,us USA,23,SF,20,0,125,11,1,10,5,5,5,5,26,Denver Nuggets
Lindy Waters III,us USA,27,SG,14,0,123,16,15,1,10,5,1,3,47,Detroit Pistons
Daniss Jenkins,us USA,23,PG,7,0,23,3,1,2,3,0,0,1,7,Detroit Pistons
Tobias Harris,us USA,32,PF,73,73,2305,384,91,293,162,74,57,85,1002,Detroit Pistons
Marcus Sasser,us USA,24,PG,57,1,811,137,58,79,133,37,4,54,375,Detroit Pistons
Jaden Ivey,us USA,22,SG,30,30,898,190,63,127,119,28,11,89,528,Detroit Pistons
Tolu Smith,us USA,24,PF,1,0,22,6,0,6,0,0,0,2,14,Detroit Pistons
Malik Beasley,us USA,28,SG,82,18,2283,461,319,142,139,73,5,83,1336,Detroit Pistons
Isaiah Stewart,us USA,23,C,72,4,1434,176,17,159,123,28,101,68,435,Detroit Pistons
Bobi Klintman,se SWE,21,SF,8,0,42,6,2,4,7,2,1,1,15,Detroit Pistons
Jalen Duren,us USA,21,C,78,78,2034,378,0,378,209,54,89,136,918,Detroit Pistons
Dennis Schroder,de GER,31,PG,28,8,705,95,32,63,147,15,5,35,302,Detroit Pistons
Simone Fontecchio,it ITA,29,SF,75,0,1237,150,76,74,65,31,12,54,446,Detroit Pistons
Ron Harper Jr.,us USA,24,SF,1,0,17,1,0,1,2,0,0,0,4,Detroit Pistons
Alondes Williams,us USA,25,SG,1,0,4,2,1,1,1,0,0,0,5,Detroit Pistons
Paul Reed,us USA,25,C,45,0,438,72,8,64,44,39,25,26,184,Detroit Pistons
Tim Hardaway Jr.,us USA,32,SG,77,77,2153,276,168,108,123,38,7,48,844,Detroit Pistons
Cade Cunningham,us USA,23,PG,70,70,2452,684,149,535,638,71,53,309,1830,Detroit Pistons
Ron Holland,us USA,19,SF,81,2,1266,197,36,161,82,49,17,72,522,Detroit Pistons
Ausar Thompson,us USA,22,SF,59,48,1328,246,11,235,134,98,40,80,594,Detroit Pistons
Kevin Knox,us USA,25,SF,14,0,84,18,4,14,5,2,4,4,46,Golden State Warriors
Jonathan Kuminga,cd COD,22,PF,47,10,1144,258,46,212,104,38,21,71,719,Golden State Warriors
Jackson Rowe,ca CAN,28,PF,6,0,52,8,3,5,4,4,0,1,22,Golden State Warriors
Buddy Hield,bs BHS,32,SG,82,22,1863,328,203,125,134,69,23,91,912,Golden State Warriors
Stephen Curry,us USA,36,PG,70,70,2252,564,311,253,421,80,30,200,1718,Golden State Warriors
Brandin Podziemski,us USA,21,SG,64,33,1716,280,115,165,220,69,13,75,747,Golden State Warriors
Moses Moody,us USA,22,SG,74,34,1649,246,126,120,96,59,31,54,724,Golden State Warriors
Braxton Key,us USA,27,SF,3,0,11,0,0,0,0,2,0,1,3,Golden State Warriors
Jimmy Butler,us USA,35,SF,30,30,980,159,19,140,178,50,8,44,538,Golden State Warriors
Gui Santos,br BRA,22,PF,56,2,762,82,34,48,80,25,10,42,227,Golden State Warriors
De'Anthony Melton,us USA,26,SG,6,2,121,22,13,9,17,7,2,10,62,Golden State Warriors
Draymond Green,us USA,34,PF,68,66,1983,216,80,136,383,99,70,174,613,Golden State Warriors
Gary Payton II,us USA,32,SG,62,11,927,171,31,140,83,52,17,39,400,Golden State Warriors
Trayce Jackson-Davis,us USA,24,C,62,37,967,174,0,174,104,23,38,45,407,Golden State Warriors
Pat Spencer,us USA,28,PG,39,0,250,41,5,36,48,14,3,18,98,Golden State Warriors
Kevon Looney,us USA,28,C,76,6,1142,143,2,141,118,46,37,39,344,Golden State Warriors
Quinten Post,nl NED,24,PF,42,14,686,123,73,50,56,16,18,33,340,Golden State Warriors
Dillon Brooks,ca CAN,29,SF,75,75,2388,384,186,198,128,60,16,76,1053,Houston Rockets
Reed Sheppard,us USA,20,PG,52,3,654,84,48,36,75,35,17,37,229,Houston Rockets
David Roddy,us USA,23,PF,3,0,35,5,1,4,2,0,1,1,13,Houston Rockets
N'Faly Dante,gn GUI,23,C,4,0,51,10,0,10,2,1,5,2,24,Houston Rockets
Tari Eason,us USA,23,PF,57,16,1420,272,63,209,83,97,50,65,686,Houston Rockets
Fred VanVleet,us USA,30,PG,60,60,2111,287,159,128,333,94,25,87,844,Houston Rockets
Steven Adams,nz NZL,31,C,58,3,794,91,0,91,66,22,28,54,225,Houston Rockets
Aaron Holiday,us USA,28,PG,62,3,792,117,72,45,83,19,11,37,340,Houston Rockets
Jock Landale,au AUS,29,C,42,3,500,81,11,70,37,13,10,21,200,Houston Rockets
Alperen Sengun,tr TUR,22,C,76,76,2395,567,21,546,372,84,61,194,1451,Houston Rockets
Cam Whitmore,us USA,20,SF,51,3,827,179,65,114,49,31,13,46,477,Houston Rockets
Jabari Smith Jr.,us USA,21,PF,57,39,1716,248,98,150,60,25,41,61,698,Houston Rockets
Amen Thompson,us USA,22,SF,69,42,2225,388,25,363,265,97,89,138,970,Houston Rockets
Jeff Green,us USA,38,PF,32,3,396,61,29,32,20,6,4,9,172,Houston Rockets
Jae'Sean Tate,us USA,29,SF,52,2,588,70,16,54,47,26,7,22,188,Houston Rockets
Jalen Green,us USA,22,SG,82,82,2697,608,234,374,282,71,27,203,1723,Houston Rockets
Jack McVeigh,au AUS,28,PF,9,0,43,5,4,1,1,0,2,2,14,Houston Rockets
Jeenathan Williams,us USA,25,SG,20,0,147,27,6,21,9,8,4,14,65,Houston Rockets
Tyrese Haliburton,us USA,24,PG,73,73,2451,476,218,258,673,105,49,120,1359,Indiana Pacers
James Johnson,us USA,37,PF,12,0,37,4,0,4,4,0,2,4,8,Indiana Pacers
Andrew Nembhard,ca CAN,25,SG,65,65,1881,247,51,196,326,79,11,112,653,Indiana Pacers
Aaron Nesmith,us USA,25,SF,45,37,1123,192,84,108,54,35,17,37,541,Indiana Pacers
Quenton Jackson,us USA,26,PG,28,7,381,58,15,43,53,21,5,16,162,Indiana Pacers
Enrique Freeman,us USA,24,PF,22,1,181,16,1,15,9,3,3,6,46,Indiana Pacers
Tony Bradley,us USA,27,C,14,0,113,29,1,28,6,2,9,5,61,Indiana Pacers
Ben Sheppard,us USA,23,SG,63,9,1228,120,68,52,85,38,14,22,332,Indiana Pacers
Bennedict Mathurin,ca CAN,22,SF,72,49,2149,391,98,293,136,47,24,135,1156,Indiana Pacers
Pascal Siakam,cm CMR,30,PF,78,78,2548,613,126,487,263,70,42,109,1578,Indiana Pacers
Thomas Bryant,us USA,27,C,56,8,848,151,42,109,49,27,32,28,388,Indiana Pacers
Obi Toppin,us USA,26,PF,79,4,1545,317,110,207,128,46,28,68,833,Indiana Pacers
James Wiseman,us USA,23,C,1,0,5,2,0,2,0,0,0,0,6,Indiana Pacers
RayJ Dennis,us USA,23,PG,11,0,70,11,6,5,14,7,2,5,30,Indiana Pacers
Isaiah Jackson,us USA,23,C,5,1,84,14,0,14,5,3,8,5,35,Indiana Pacers
Johnny Furphy,au AUS,20,SG,50,0,379,35,15,20,19,18,11,12,103,Indiana Pacers
Myles Turner,us USA,28,C,72,72,2174,390,156,234,111,54,144,123,1120,Indiana Pacers
T.J. McConnell,us USA,32,PG,79,1,1415,324,15,309,351,83,21,109,720,Indiana Pacers
Jarace Walker,us USA,21,PF,75,5,1187,170,75,95,110,54,25,78,461,Indiana Pacers
Nicolas Batum,fr FRA,36,PF,78,8,1367,104,88,16,84,52,36,34,313,Los Angeles Clippers
Ben Simmons,au AUS,28,PG,18,0,295,23,0,23,56,12,7,14,52,Los Angeles Clippers
Trentyn Flowers,us USA,19,SF,6,0,27,4,0,4,0,0,0,1,11,Los Angeles Clippers
Cam Christie,us USA,19,SG,13,0,59,7,2,5,6,5,1,2,18,Los Angeles Clippers
Kris Dunn,us USA,30,PG,74,58,1783,192,75,117,210,128,27,74,474,Los Angeles Clippers
Amir Coffey,us USA,27,SG,72,13,1748,240,101,139,77,40,7,45,696,Los Angeles Clippers
Kobe Brown,us USA,25,PF,40,0,272,33,6,27,24,7,4,12,77,Los Angeles Clippers
Patty Mills,au AUS,36,PG,12,0,61,10,9,1,5,1,0,1,37,Los Angeles Clippers
Drew Eubanks,us USA,27,C,24,0,178,27,0,27,9,2,7,10,65,Los Angeles Clippers
Patrick Baldwin Jr.,us USA,22,SF,2,0,6,2,2,0,1,0,0,0,6,Los Angeles Clippers
Ivica Zubac,hr CRO,27,C,80,80,2624,592,0,592,214,55,90,127,1340,Los Angeles Clippers
James Harden,us USA,35,PG,79,79,2789,531,235,296,687,118,55,341,1802,Los Angeles Clippers
Derrick Jones Jr.,us USA,27,SF,77,55,1873,310,78,232,60,79,33,66,781,Los Angeles Clippers
Kylor Kelley,us USA,27,C,11,2,126,14,0,14,5,1,3,4,34,Los Angeles Clippers
Bogdan Bogdanovic,rs SRB,32,SG,30,4,750,127,61,66,97,21,5,37,343,Los Angeles Clippers
Norman Powell,us USA,31,SG,60,60,1958,457,179,278,125,73,9,108,1306,Los Angeles Clippers
Kawhi Leonard,us USA,33,SF,37,37,1180,310,78,232,116,59,17,72,796,Los Angeles Clippers
Jordan Miller,us USA,25,SF,37,0,420,58,8,50,34,17,5,26,152,Los Angeles Clippers
Anthony Davis,us USA,31,C,42,42,1440,400,28,372,141,54,90,93,1081,Los Angeles Lakers
Shake Milton,us USA,28,SG,30,1,345,42,10,32,38,10,3,20,116,Los Angeles Lakers
Armel Traore,fr FRA,22,SF,9,0,67,6,0,6,1,4,2,3,14,Los Angeles Lakers
Gabe Vincent,us USA,28,PG,72,11,1527,168,109,59,98,51,13,41,460,Los Angeles Lakers
LeBron James,us USA,40,SF,70,70,2444,651,149,502,575,70,39,260,1710,Los Angeles Lakers
Rui Hachimura,jp JPN,26,PF,59,57,1869,293,102,191,83,45,26,49,775,Los Angeles Lakers
Jordan Goodwin,us USA,26,PG,29,5,543,63,26,37,42,30,11,26,161,Los Angeles Lakers
Alex Len,ua UKR,31,C,10,4,122,10,1,9,8,1,3,9,22,Los Angeles Lakers
Markieff Morris,us USA,35,PF,8,2,124,16,7,9,17,1,2,3,44,Los Angeles Lakers
Cam Reddish,us USA,25,SF,33,8,589,38,13,25,22,33,10,12,105,Los Angeles Lakers
Jarred Vanderbilt,us USA,25,PF,36,2,581,59,9,50,41,35,10,29,147,Los Angeles Lakers
Dalton Knecht,us USA,23,SF,78,16,1494,257,128,129,66,24,8,37,706,Los Angeles Lakers
Christian Koloko,cm CMR,24,C,37,0,342,40,0,40,16,8,16,12,90,Los Angeles Lakers
Luka Doncic,si SVN,25,PG,28,28,984,245,102,143,211,45,12,104,789,Los Angeles Lakers
Bronny James,us USA,20,SG,27,1,181,21,9,12,22,9,3,13,62,Los Angeles Lakers
Jaxson Hayes,us USA,24,C,56,35,1093,161,0,161,58,31,51,43,383,Los Angeles Lakers
Trey Jemison,us USA,25,C,22,0,226,26,0,26,6,2,9,14,57,Los Angeles Lakers
Austin Reaves,us USA,26,SG,73,73,2550,477,200,277,421,81,22,177,1475,Los Angeles Lakers
Dorian Finney-Smith,us USA,31,PF,43,20,1239,122,82,40,59,40,11,38,341,Los Angeles Lakers
Luke Kennard,us USA,28,SG,65,11,1472,206,113,93,215,50,5,72,576,Memphis Grizzlies
Scotty Pippen Jr.,us USA,24,PG,79,21,1683,285,87,198,347,103,30,138,779,Memphis Grizzlies
Jaylen Wells,us USA,21,SG,79,74,2043,287,138,149,135,44,8,69,823,Memphis Grizzlies
Santi Aldama,es ESP,24,PF,65,16,1660,313,120,193,188,52,29,71,811,Memphis Grizzlies
Jay Huff,us USA,26,C,64,2,748,157,81,76,38,16,56,34,439,Memphis Grizzlies
Marvin Bagley III,us USA,25,PF,12,1,99,17,1,16,4,2,3,1,43,Memphis Grizzlies
Brandon Clarke,ca CAN,28,PF,64,18,1207,236,1,235,66,52,36,41,534,Memphis Grizzlies
Desmond Bane,us USA,26,SG,69,68,2205,493,164,329,369,80,28,169,1327,Memphis Grizzlies
Jaren Jackson Jr.,us USA,25,C,74,74,2207,592,146,446,148,92,113,153,1641,Memphis Grizzlies
John Konchar,us USA,28,SG,46,4,558,41,23,18,42,30,14,16,112,Memphis Grizzlies
Vince Williams Jr.,us USA,24,SG,27,5,499,67,26,41,55,12,7,33,179,Memphis Grizzlies
Zach Edey,ca CAN,22,C,66,55,1416,251,18,233,65,36,85,88,610,Memphis Grizzlies
Ja Morant,us USA,25,PG,50,50,1519,404,88,316,364,61,12,185,1159,Memphis Grizzlies
Lamar Stevens,us USA,27,PF,17,1,155,29,8,21,8,5,3,10,74,Memphis Grizzlies
GG Jackson II,us USA,20,PF,29,3,459,74,32,42,29,12,5,31,209,Memphis Grizzlies
Yuki Kawamura,jp JPN,23,PG,22,0,93,11,7,4,19,2,0,5,36,Memphis Grizzlies
Cam Spencer,us USA,24,SG,25,1,252,34,19,15,34,9,1,6,106,Memphis Grizzlies
Bam Adebayo,us USA,27,C,78,78,2674,540,79,461,337,98,53,161,1410,Miami Heat
Tyler Herro,us USA,25,SG,77,77,2725,651,251,400,424,69,17,198,1840,Miami Heat
Josh Christopher,us USA,23,SG,14,0,69,11,2,9,8,5,3,6,28,Miami Heat
Alec Burks,us USA,33,SG,49,14,863,115,88,27,55,28,7,29,356,Miami Heat
Kel'el Ware,us USA,20,C,64,36,1422,257,35,222,60,39,71,57,595,Miami Heat
Terry Rozier,us USA,30,PG,64,23,1658,248,91,157,167,37,14,78,679,Miami Heat
Kevin Love,us USA,36,PF,23,9,251,41,24,17,22,15,4,14,122,Miami Heat
Davion Mitchell,us USA,26,PG,30,15,947,117,42,75,160,41,8,50,309,Miami Heat
Kyle Anderson,us USA,31,SF,25,1,461,66,6,60,64,14,13,17,168,Miami Heat
Haywood Highsmith,us USA,28,SF,74,42,1818,179,89,90,112,68,37,54,478,Miami Heat
Keshad Johnson,us USA,23,SF,16,0,98,18,3,15,4,5,4,4,43,Miami Heat
Duncan Robinson,us USA,30,SF,74,37,1785,290,190,100,176,40,6,86,817,Miami Heat
Dru Smith,us USA,27,SG,14,1,268,31,16,15,23,21,6,17,87,Miami Heat
Jaime Jaquez Jr.,us USA,23,SF,66,17,1368,213,37,176,166,61,14,98,570,Miami Heat
Andrew Wiggins,ca CAN,29,SF,17,17,546,115,36,79,56,20,17,43,323,Miami Heat
Nikola Jovic,rs SRB,21,PF,46,10,1156,172,78,94,131,38,13,60,494,Miami Heat
Josh Richardson,us USA,31,SG,8,0,150,11,6,5,12,8,1,8,32,Miami Heat
Pelle Larsson,se SWE,23,SG,55,8,782,89,32,57,65,32,7,24,251,Miami Heat
Giannis Antetokounmpo,gr GRE,30,PF,67,67,2289,793,14,779,433,58,78,206,2036,Milwaukee Bucks
Kevin Porter Jr.,us USA,24,SG,30,2,598,121,29,92,112,38,2,52,352,Milwaukee Bucks
Jamaree Bouyea,us USA,25,PG,5,1,62,6,1,5,10,4,2,8,17,Milwaukee Bucks
Taurean Prince,us USA,30,SF,80,73,2166,235,147,88,155,76,15,82,656,Milwaukee Bucks
Ryan Rollins,us USA,22,PG,56,19,820,132,49,83,104,42,17,53,349,Milwaukee Bucks
Pat Connaughton,us USA,32,SG,41,1,603,83,26,57,70,9,11,24,216,Milwaukee Bucks
Kyle Kuzma,us USA,29,PF,33,32,1049,179,51,128,73,16,12,73,478,Milwaukee Bucks
Brook Lopez,us USA,36,C,80,80,2546,394,139,255,143,50,148,84,1041,Milwaukee Bucks
Jericho Sims,us USA,26,C,14,0,210,17,0,17,11,2,9,12,34,Milwaukee Bucks
Bobby Portis,us USA,29,PF,49,7,1244,277,65,212,104,35,26,57,680,Milwaukee Bucks
Kyle Kuzma,us USA,29,PF,65,62,1936,370,96,274,152,36,19,146,964,Milwaukee Bucks
Damian Lillard,us USA,34,PG,58,58,2093,444,197,247,410,70,10,162,1447,Milwaukee Bucks
Liam Robbins,us USA,25,C,13,0,57,2,0,2,2,2,2,6,9,Milwaukee Bucks
Andre Jackson Jr.,us USA,23,SG,67,43,980,94,30,64,83,34,14,58,230,Milwaukee Bucks
Gary Trent Jr.,us USA,26,SG,74,9,1893,283,180,103,87,72,4,42,824,Milwaukee Bucks
Chris Livingston,us USA,21,SF,21,1,106,9,0,9,5,5,0,6,30,Milwaukee Bucks
Tyler Smith,us USA,20,PF,23,0,122,24,13,11,4,3,4,8,67,Milwaukee Bucks
Stanley Umude,us USA,25,SG,22,0,86,5,3,2,4,3,6,3,15,Milwaukee Bucks
A.J. Green,us USA,25,SG,73,7,1659,182,155,27,108,37,7,40,541,Milwaukee Bucks
Pete Nance,us USA,24,PF,6,1,70,9,5,4,7,1,2,4,23,Milwaukee Bucks
Julius Randle,us USA,30,PF,69,69,2226,455,108,347,323,47,16,196,1288,Minnesota Timberwolves
Terrence Shannon Jr.,us USA,24,SG,32,1,339,55,11,44,32,7,5,15,138,Minnesota Timberwolves
Nickeil Alexander-Walker,ca CAN,26,SG,82,10,2073,270,141,129,223,50,34,99,773,Minnesota Timberwolves
Joe Ingles,au AUS,37,SF,19,1,114,6,3,3,23,2,0,9,15,Minnesota Timberwolves
Rob Dillingham,us USA,20,PG,49,1,516,93,25,68,98,20,1,53,219,Minnesota Timberwolves
Jaden McDaniels,us USA,24,PF,82,82,2614,398,100,298,163,110,74,95,1000,Minnesota Timberwolves
PJ Dozier,us USA,28,SG,9,0,35,2,2,0,5,1,0,1,7,Minnesota Timberwolves
Leonard Miller,ca CAN,21,SF,13,0,32,6,0,6,0,2,1,2,20,Minnesota Timberwolves
Rudy Gobert,fr FRA,32,C,72,72,2388,341,0,341,127,56,104,89,866,Minnesota Timberwolves
Naz Reid,us USA,25,C,80,17,2200,426,175,251,181,58,72,108,1138,Minnesota Timberwolves
Josh Minott,us USA,22,SF,46,0,276,44,14,30,18,15,12,11,119,Minnesota Timberwolves
Jaylen Clark,us USA,23,SG,40,4,522,56,22,34,26,36,2,8,163,Minnesota Timberwolves
Luka Garza,us USA,26,C,39,0,219,52,10,42,11,6,3,12,138,Minnesota Timberwolves
Mike Conley,us USA,37,PG,71,64,1756,187,127,60,319,79,14,75,582,Minnesota Timberwolves
Anthony Edwards,us USA,23,SG,79,79,2871,721,320,401,359,91,51,249,2177,Minnesota Timberwolves
Donte DiVincenzo,us USA,28,SG,62,10,1606,250,174,76,225,73,17,99,723,Minnesota Timberwolves
Bones Hyland,us USA,24,PG,4,0,17,2,1,1,4,0,0,1,5,Minnesota Timberwolves
Dejounte Murray,us USA,28,PG,31,31,1012,194,52,142,228,63,12,106,542,New Orleans Pelicans
Jaylen Nowell,us USA,25,SG,8,0,168,26,8,18,18,1,4,8,67,New Orleans Pelicans
Brandon Boston Jr.,us USA,23,SG,42,10,993,166,49,117,92,53,9,52,448,New Orleans Pelicans
Jose Alvarado,us USA,26,PG,56,23,1366,204,111,93,259,74,14,86,579,New Orleans Pelicans
Antonio Reeves,us USA,24,SG,44,6,660,113,51,62,39,21,4,30,305,New Orleans Pelicans
Jordan Hawkins,us USA,22,SG,56,9,1321,207,110,97,66,30,23,58,604,New Orleans Pelicans
Zion Williamson,us USA,24,PF,30,30,857,288,3,285,159,37,27,90,737,New Orleans Pelicans
Jeremiah Robinson-Earl,us USA,24,PF,66,9,1239,158,56,102,88,39,7,51,418,New Orleans Pelicans
Yves Missi,cm CMR,20,C,73,67,1956,269,0,269,99,37,98,82,665,New Orleans Pelicans
Brandon Ingram,us USA,27,SF,18,18,595,155,43,112,93,16,11,69,400,New Orleans Pelicans
CJ McCollum,us USA,33,PG,56,56,1832,444,171,273,227,46,24,106,1183,New Orleans Pelicans
Jamal Cain,us USA,25,SF,37,0,502,68,26,42,22,23,9,22,196,New Orleans Pelicans
Lester QuiAones,us USA,24,SG,9,0,166,27,13,14,23,3,2,10,77,New Orleans Pelicans
Bruce Brown,us USA,28,PG,23,12,569,73,16,57,56,17,7,20,189,New Orleans Pelicans
Kylor Kelley,us USA,27,C,3,1,59,4,0,4,3,1,1,3,10,New Orleans Pelicans
Mo Bamba,us USA,26,C,4,0,61,4,0,4,2,0,3,1,10,New Orleans Pelicans
Kelly Olynyk,ca CAN,33,C,20,20,508,75,14,61,72,17,11,41,213,New Orleans Pelicans
Trey Murphy III,us USA,24,SF,53,51,1854,381,158,223,188,56,39,103,1124,New Orleans Pelicans
Daniel Theis,de GER,32,C,38,9,621,61,9,52,60,18,20,25,162,New Orleans Pelicans
Keion Brooks Jr.,us USA,24,SF,14,6,332,53,14,39,13,10,10,12,142,New Orleans Pelicans
Herbert Jones,us USA,26,SF,20,20,648,75,22,53,65,37,9,35,205,New Orleans Pelicans
Karlo Matkovic,ba BIH,23,PF,42,7,791,135,21,114,46,22,41,43,325,New Orleans Pelicans
Josh Hart,us USA,29,SG,77,77,2897,404,84,320,453,119,27,158,1051,New York Knicks
Mikal Bridges,us USA,28,SF,82,82,3036,592,164,428,306,75,43,132,1444,New York Knicks
Landry Shamet,us USA,27,SG,50,0,762,106,62,44,27,23,2,22,286,New York Knicks
OG Anunoby,gb GBR,27,PF,74,74,2706,489,171,318,164,110,65,102,1332,New York Knicks
Kevin McCullar Jr.,us USA,23,SF,4,0,29,2,0,2,2,1,1,0,6,New York Knicks
Delon Wright,us USA,32,PG,14,5,230,23,8,15,29,12,3,8,60,New York Knicks
Anton Watson,us USA,24,SF,9,0,22,4,0,4,2,1,0,2,8,New York Knicks
Pacome Dadiet,fr FRA,19,SG,18,0,111,10,6,4,5,3,2,4,30,New York Knicks
P.J. Tucker,us USA,39,SF,3,1,58,3,3,0,0,1,1,1,9,New York Knicks
Precious Achiuwa,ng NGA,25,C,57,10,1170,164,10,154,55,47,42,45,379,New York Knicks
MarJon Beauchamp,us USA,24,SF,6,0,17,5,1,4,1,1,0,1,15,New York Knicks
Ariel Hukporti,de GER,22,C,25,1,217,21,0,21,11,1,15,21,48,New York Knicks
Jalen Brunson,us USA,28,PG,65,65,2301,585,152,433,475,60,8,164,1690,New York Knicks
Miles McBride,us USA,24,PG,64,10,1593,222,115,107,187,67,17,41,611,New York Knicks
Karl-Anthony Towns,do DOM,29,C,72,72,2517,639,142,497,222,71,50,192,1759,New York Knicks
Cameron Payne,us USA,30,PG,72,5,1090,179,93,86,203,39,16,52,500,New York Knicks
Mitchell Robinson,us USA,26,C,17,3,290,37,0,37,13,16,18,10,87,New York Knicks
Tyler Kolek,us USA,23,PG,41,0,296,27,14,13,70,12,4,18,81,New York Knicks
Matt Ryan,us USA,27,SF,19,0,68,10,6,4,3,2,0,3,28,New York Knicks
Isaiah Hartenstein,de GER,26,C,57,53,1590,279,0,279,219,47,62,96,637,Oklahoma City Thunder
Luguentz Dort,us USA,25,SF,71,71,2073,258,170,88,115,79,39,51,719,Oklahoma City Thunder
Chet Holmgren,us USA,22,C,32,32,877,167,44,123,63,23,71,56,479,Oklahoma City Thunder
Jalen Williams,us USA,23,SG,69,69,2237,565,124,441,354,111,46,150,1490,Oklahoma City Thunder
Jaylin Williams,us USA,22,PF,47,9,784,97,61,36,120,22,29,35,278,Oklahoma City Thunder
Ajay Mitchell,us USA,22,SG,36,1,597,91,23,68,64,25,4,29,234,Oklahoma City Thunder
Alex Caruso,us USA,30,SG,54,3,1041,140,60,80,137,87,30,37,382,Oklahoma City Thunder
Kenrich Williams,us USA,30,PF,69,7,1132,171,66,105,97,43,10,39,436,Oklahoma City Thunder
Isaiah Joe,us USA,25,SG,74,16,1604,259,192,67,119,48,9,38,756,Oklahoma City Thunder
Ousmane Dieng,fr FRA,21,C,37,1,405,54,23,31,31,17,7,18,142,Oklahoma City Thunder
Cason Wallace,us USA,21,SG,68,43,1876,232,74,158,173,120,35,59,568,Oklahoma City Thunder
Shai Gilgeous-Alexander,ca CAN,26,PG,76,76,2598,860,163,697,486,131,77,183,2484,Oklahoma City Thunder
Dillon Jones,us USA,23,SF,54,3,551,51,16,35,58,16,4,28,135,Oklahoma City Thunder
Branden Carlson,us USA,25,C,32,0,246,43,22,21,14,5,21,7,122,Oklahoma City Thunder
Alex Ducas,au AUS,24,SG,21,0,125,12,10,2,5,5,0,4,36,Oklahoma City Thunder
Adam Flagler,us USA,25,SG,37,0,203,25,14,11,12,8,3,4,65,Oklahoma City Thunder
Aaron Wiggins,us USA,26,SG,76,26,1744,355,130,225,134,60,18,69,914,Oklahoma City Thunder
Caleb Houstan,us USA,22,SF,58,6,788,80,64,16,35,22,6,13,239,Orlando Magic
Gary Harris,us USA,30,SG,48,3,711,51,36,15,30,26,12,17,145,Orlando Magic
Cole Anthony,us USA,24,PG,67,22,1234,230,77,153,191,45,32,103,630,Orlando Magic
Moritz Wagner,de GER,27,C,30,1,564,140,27,113,42,24,12,49,386,Orlando Magic
Jett Howard,us USA,21,SF,60,0,701,98,55,43,44,13,11,36,267,Orlando Magic
Franz Wagner,de GER,23,SF,60,60,2023,537,104,433,284,75,21,138,1449,Orlando Magic
Paolo Banchero,us USA,22,PF,46,46,1582,412,87,325,219,36,28,136,1191,Orlando Magic
Jonathan Isaac,us USA,27,PF,71,1,1090,134,39,95,40,61,80,33,380,Orlando Magic
Goga Bitadze,ge GEO,25,C,70,42,1430,207,3,204,137,49,98,72,502,Orlando Magic
Tristan Da Silva,de GER,23,SF,74,38,1629,199,80,119,113,33,18,56,533,Orlando Magic
Jalen Suggs,us USA,23,PG,35,35,1002,197,76,121,129,51,33,102,567,Orlando Magic
Anthony Black,us USA,21,PG,78,10,1887,262,62,200,240,86,48,139,736,Orlando Magic
Kentavious Caldwell-Pope,us USA,31,SG,77,77,2279,239,113,126,136,99,34,62,673,Orlando Magic
Wendell Carter Jr.,us USA,25,C,68,51,1758,226,37,189,134,52,41,77,618,Orlando Magic
Cory Joseph,ca CAN,33,PG,50,16,612,62,39,23,72,26,4,18,177,Orlando Magic
Trevelin Queen,us USA,27,SG,31,2,430,56,22,34,38,31,10,22,152,Orlando Magic
Colin Castleton,us USA,24,C,5,0,98,12,0,12,10,1,1,1,30,Philadelphia 76ers
Joel Embiid,cm CMR,30,C,19,19,574,140,23,117,85,14,18,62,452,Philadelphia 76ers
Justin Edwards,us USA,21,SF,44,26,1155,172,69,103,69,45,16,49,445,Philadelphia 76ers
Phillip Wheeler,pr PUR,22,PF,5,0,44,3,0,3,2,1,2,1,8,Philadelphia 76ers
Jeff Dowtin,ca CAN,27,PG,41,3,621,112,28,84,78,24,12,15,285,Philadelphia 76ers
Paul George,us USA,34,PF,41,41,1334,245,96,149,178,75,20,106,665,Philadelphia 76ers
Isaiah Mobley,us USA,25,PF,1,0,17,2,1,1,5,1,1,0,6,Philadelphia 76ers
Eric Gordon,us USA,36,SG,39,13,768,87,56,31,65,26,12,28,266,Philadelphia 76ers
Andre Drummond,us USA,31,C,40,23,751,117,3,114,34,39,18,55,293,Philadelphia 76ers
Reggie Jackson,us USA,34,PG,31,1,384,52,25,27,45,16,3,17,136,Philadelphia 76ers
Tyrese Maxey,us USA,24,PG,52,52,1960,477,161,316,317,91,21,124,1369,Philadelphia 76ers
Jared McCain,us USA,20,SG,23,8,592,126,51,75,60,15,0,37,352,Philadelphia 76ers
Kelly Oubre Jr.,us USA,29,SF,60,57,2078,348,71,277,108,92,30,80,906,Philadelphia 76ers
Kyle Lowry,us USA,38,PG,35,12,659,41,29,12,96,33,11,21,138,Philadelphia 76ers
Jalen Hood-Schifino,us USA,21,SG,13,0,301,36,14,22,36,5,6,17,102,Philadelphia 76ers
Jared Butler,us USA,24,SG,28,17,682,118,45,73,138,30,8,51,321,Philadelphia 76ers
Marcus Bagley,us USA,23,SF,10,4,253,27,5,22,10,9,12,7,67,Philadelphia 76ers
Ricky Council IV,us USA,23,SF,73,12,1250,177,55,122,97,32,13,52,532,Philadelphia 76ers
Guerschon Yabusele,fr FRA,29,C,70,43,1895,282,104,178,148,58,24,87,768,Philadelphia 76ers
Adem Bona,tr TUR,21,C,58,11,905,135,0,135,27,26,69,61,337,Philadelphia 76ers
Lonnie Walker IV,us USA,26,SG,20,7,477,89,45,44,50,10,5,25,247,Philadelphia 76ers
Quentin Grimes,us USA,24,SG,28,25,943,215,82,133,127,42,12,80,612,Philadelphia 76ers
Oshae Brissett,ca CAN,26,SF,6,2,142,19,6,13,4,4,3,8,52,Philadelphia 76ers
Alex Reese,us USA,25,PF,14,0,214,25,15,10,4,10,10,6,74,Philadelphia 76ers
Collin Gillespie,us USA,25,PG,33,9,461,68,39,29,78,21,5,17,194,Phoenix Suns
Damion Lee,us USA,32,SG,25,0,144,27,9,18,11,6,0,10,83,Phoenix Suns
Cody Martin,us USA,29,SF,14,0,206,20,3,17,16,13,6,9,52,Phoenix Suns
Mason Plumlee,us USA,34,C,74,21,1300,125,0,125,134,33,47,59,333,Phoenix Suns
Oso Ighodaro,us USA,22,PF,61,6,1045,113,0,113,71,28,29,39,255,Phoenix Suns
Kevin Durant,us USA,36,PF,62,62,2265,592,160,432,263,50,77,190,1647,Phoenix Suns
Bradley Beal,us USA,31,SG,53,38,1702,345,102,243,195,58,28,99,902,Phoenix Suns
Monte Morris,us USA,29,PG,45,0,571,83,31,52,73,20,3,21,233,Phoenix Suns
Royce O'Neale,us USA,31,SF,75,22,1837,241,179,62,163,67,34,65,680,Phoenix Suns
TyTy Washington Jr.,us USA,23,PG,16,0,118,14,4,10,16,3,0,3,35,Phoenix Suns
Devin Booker,us USA,28,SG,75,75,2795,654,183,471,529,67,16,220,1923,Phoenix Suns
Jalen Bridges,us USA,23,SF,8,0,30,2,2,0,0,0,0,4,9,Phoenix Suns
Vasilije MiciA,rs SRB,31,PG,5,0,21,0,0,0,1,0,0,3,0,Phoenix Suns
Tyus Jones,us USA,28,PG,81,58,2174,306,166,140,429,69,8,91,829,Phoenix Suns
Nick Richards,us USA,27,C,36,34,816,141,0,141,21,7,29,48,342,Phoenix Suns
Ryan Dunn,us USA,22,SF,74,44,1410,205,82,123,57,44,40,40,511,Phoenix Suns
Bol Bol,ss SSD,25,PF,36,10,448,96,32,64,22,9,25,20,244,Phoenix Suns
Grayson Allen,us USA,29,SG,64,7,1544,219,149,70,137,54,19,75,680,Phoenix Suns
Scoot Henderson,us USA,20,PG,66,10,1759,287,105,182,335,68,13,177,837,Portland Trail Blazers
Donovan Clingan,us USA,20,C,67,37,1324,180,14,166,77,34,110,72,436,Portland Trail Blazers
Sidy Cissoko,fr FRA,20,SF,5,0,60,4,0,4,9,1,1,9,10,Portland Trail Blazers
Toumani Camara,be BEL,24,PF,78,78,2548,328,135,193,175,116,50,109,882,Portland Trail Blazers
Jabari Walker,us USA,22,SF,60,1,749,118,28,90,37,33,6,34,313,Portland Trail Blazers
Justin Minaya,us USA,25,SF,19,0,101,8,2,6,7,6,1,5,18,Portland Trail Blazers
Taze Moore,us USA,26,SG,2,0,20,2,1,1,1,2,0,2,6,Portland Trail Blazers
Robert Williams,us USA,27,C,20,3,351,50,1,49,21,13,33,17,116,Portland Trail Blazers
Kris Murray,us USA,24,SF,69,6,1040,117,27,90,68,35,17,43,287,Portland Trail Blazers
Duop Reath,ss SSD,28,C,46,0,469,70,34,36,26,12,14,16,194,Portland Trail Blazers
Anfernee Simons,us USA,25,SG,70,70,2292,479,215,264,337,60,5,143,1348,Portland Trail Blazers
Deni Avdija,il ISR,24,SF,72,54,2161,402,125,277,281,71,35,196,1219,Portland Trail Blazers
Matisse Thybulle,au AUS,27,SG,15,5,312,42,21,21,28,33,9,13,112,Portland Trail Blazers
Shaedon Sharpe,us USA,21,SG,72,52,2252,499,147,352,198,62,16,150,1335,Portland Trail Blazers
Dalano Banton,ca CAN,25,PG,67,7,1120,198,72,126,160,43,34,86,559,Portland Trail Blazers
Deandre Ayton,bs BHS,26,C,40,40,1206,265,6,259,64,31,39,69,576,Portland Trail Blazers
Bryce McGowens,us USA,22,SG,13,0,32,4,0,4,2,1,0,4,13,Portland Trail Blazers
Jerami Grant,us USA,30,PF,47,47,1524,214,108,106,101,41,46,65,677,Portland Trail Blazers
Rayan Rupert,fr FRA,20,SG,52,0,460,58,16,42,25,16,4,30,155,Portland Trail Blazers
Markelle Fultz,us USA,26,PG,21,0,184,28,4,24,27,10,2,15,61,Sacramento Kings
Keegan Murray,us USA,24,PF,76,76,2610,364,154,210,109,61,69,60,942,Sacramento Kings
Trey Lyles,us USA,29,PF,69,5,1349,157,81,76,82,41,23,39,451,Sacramento Kings
Isaac Jones,us USA,24,PF,40,0,304,54,3,51,12,5,10,16,134,Sacramento Kings
Devin Carter,us USA,22,PG,36,0,396,47,18,29,41,21,4,18,138,Sacramento Kings
Jake LaRavia,us USA,23,PF,19,0,367,42,20,22,25,18,3,17,115,Sacramento Kings
Doug McDermott,us USA,33,SF,42,3,342,50,44,6,7,4,2,6,147,Sacramento Kings
Jae Crowder,us USA,34,PF,9,2,103,7,4,3,6,3,0,4,23,Sacramento Kings
Zach LaVine,us USA,29,SG,32,32,1170,262,103,159,121,19,2,87,717,Sacramento Kings
Domantas Sabonis,lt LTU,28,C,70,70,2429,527,65,462,423,48,26,202,1337,Sacramento Kings
Skal LabissiA re,ht HTI,28,PF,4,0,12,2,1,1,1,0,0,0,5,Sacramento Kings
DeMar DeRozan,us USA,35,SF,77,77,2768,624,84,540,342,62,32,105,1710,Sacramento Kings
Isaiah Crawford,us USA,23,SF,15,0,46,5,1,4,1,1,2,1,13,Sacramento Kings
Keon Ellis,us USA,25,SG,80,28,1948,227,139,88,120,121,63,71,666,Sacramento Kings
Jonas ValanAiAnas,lt LTU,32,C,32,9,541,114,1,113,56,15,18,32,279,Sacramento Kings
Mason Jones,us USA,26,SG,10,0,45,9,1,8,11,0,1,1,23,Sacramento Kings
Malik Monk,us USA,26,SG,65,45,2054,412,139,273,362,61,38,159,1117,Sacramento Kings
Keldon Johnson,us USA,25,SF,77,0,1838,371,87,284,125,49,22,77,979,San Antonio Spurs
Bismack Biyombo,cd COD,32,C,28,26,528,67,0,67,31,16,23,27,144,San Antonio Spurs
Malaki Branham,us USA,21,SG,47,0,427,87,34,53,38,11,2,34,235,San Antonio Spurs
Charles Bassey,ng NGA,24,C,36,1,376,68,0,68,17,14,30,23,157,San Antonio Spurs
Harrison Ingram,us USA,22,SF,5,0,35,2,0,2,3,3,0,1,4,San Antonio Spurs
De'Aaron Fox,us USA,27,PG,17,17,578,125,26,99,116,25,5,41,335,San Antonio Spurs
Chris Paul,us USA,39,PG,82,82,2292,249,140,109,605,103,22,129,723,San Antonio Spurs
Sandro Mamukelashvili,ge GEO,25,PF,61,0,681,141,60,81,48,22,17,26,385,San Antonio Spurs
David Duke Jr.,us USA,25,SG,6,0,34,6,3,3,4,1,0,2,16,San Antonio Spurs
Victor Wembanyama,fr FRA,21,C,46,46,1527,408,142,266,168,52,176,149,1116,San Antonio Spurs
Jordan McLaughlin,us USA,28,PG,18,0,124,15,9,6,27,5,1,5,45,San Antonio Spurs
Devin Vassell,us USA,24,SG,64,53,1983,394,158,236,183,84,33,88,1041,San Antonio Spurs
Julian Champagnie,us USA,23,SF,82,29,1932,276,178,98,111,61,35,74,815,San Antonio Spurs
Harrison Barnes,us USA,32,PF,82,82,2230,347,156,191,136,39,14,50,1011,San Antonio Spurs
Jeremy Sochan,us USA,21,PF,54,23,1364,251,28,223,128,45,27,84,617,San Antonio Spurs
Blake Wesley,us USA,21,SG,58,0,683,81,17,64,114,37,6,54,217,San Antonio Spurs
Stephon Castle,us USA,20,PG,81,47,2162,423,95,328,332,74,22,177,1190,San Antonio Spurs
Cole Swider,us USA,25,SF,8,0,156,22,15,7,2,4,2,4,59,Toronto Raptors
Bruno Fernando,ao AGO,26,C,17,2,147,26,0,26,18,4,9,14,58,Toronto Raptors
Gradey Dick,us USA,21,SG,54,54,1587,265,114,151,98,48,10,83,777,Toronto Raptors
Ochai Agbaji,us USA,24,SG,64,45,1739,266,101,165,98,58,30,54,667,Toronto Raptors
Chris Boucher,ca CAN,32,PF,50,0,862,182,70,112,33,24,25,29,502,Toronto Raptors
Jakob Poeltl,at AUT,29,C,57,56,1686,363,1,362,158,66,71,111,824,Toronto Raptors
Immanuel Quickley,us USA,25,PG,33,33,918,184,85,99,191,23,4,58,564,Toronto Raptors
Jamal Shead,us USA,22,PG,75,11,1467,204,72,132,316,58,10,117,533,Toronto Raptors
Garrett Temple,us USA,38,SG,28,0,227,18,6,12,31,17,2,10,53,Toronto Raptors
Scottie Barnes,us USA,23,PF,65,65,2134,474,76,398,378,93,63,185,1252,Toronto Raptors
Orlando Robinson,us USA,24,C,35,8,713,109,16,93,68,14,15,45,284,Toronto Raptors
Jared Rhoden,us USA,25,SG,10,2,215,40,12,28,14,9,2,8,114,Toronto Raptors
Jonathan Mogbo,us USA,23,PF,63,18,1286,156,17,139,146,55,34,70,389,Toronto Raptors
A.J. Lawson,us USA,24,SG,26,2,486,80,33,47,31,13,6,15,236,Toronto Raptors
RJ Barrett,ca CAN,24,SF,58,58,1869,460,107,353,314,46,17,165,1223,Toronto Raptors
Jamison Battle,us USA,23,SF,59,10,1042,149,105,44,53,17,10,27,419,Toronto Raptors
Ja'Kobe Walter,us USA,20,SG,52,18,1103,159,65,94,81,43,10,50,449,Toronto Raptors
D.J. Carton,us USA,24,SG,4,0,33,1,0,1,3,2,0,4,3,Toronto Raptors
Ulrich Chomche,cm CMR,19,PF,7,0,32,2,0,2,2,0,1,2,5,Toronto Raptors
Lauri Markkanen,fi FIN,27,PF,47,47,1476,296,138,158,70,33,17,66,892,Utah Jazz
Collin Sexton,us USA,26,SG,63,61,1758,416,110,306,264,47,6,160,1159,Utah Jazz
Walker Kessler,us USA,23,C,58,58,1740,278,6,272,97,36,138,86,641,Utah Jazz
Keyonte George,us USA,21,PG,67,35,2109,359,174,185,377,46,9,183,1125,Utah Jazz
Taylor Hendricks,us USA,21,PF,3,3,75,4,3,1,2,5,4,2,14,Utah Jazz
Brice Sensabaugh,us USA,21,SF,71,15,1432,275,157,118,110,46,8,107,772,Utah Jazz
Oscar Tshiebwe,cd COD,25,C,14,1,255,42,0,42,9,13,1,10,107,Utah Jazz
Elijah Harkless,us USA,24,SG,10,0,138,11,7,4,8,10,1,3,32,Utah Jazz
Svi Mykhailiuk,ua UKR,27,SF,38,13,760,118,70,48,76,19,7,52,334,Utah Jazz
Cody Williams,us USA,20,SG,50,21,1060,83,35,48,59,23,16,44,230,Utah Jazz
John Collins,us USA,27,PF,40,31,1220,280,59,221,80,39,40,103,758,Utah Jazz
Isaiah Collier,us USA,20,PG,71,46,1839,234,42,192,446,66,16,208,615,Utah Jazz
KJ Martin,us USA,24,SF,19,9,432,50,7,43,29,6,6,12,120,Utah Jazz
Jordan Clarkson,us USA,32,SG,37,9,962,201,84,117,138,31,9,86,600,Utah Jazz
Kyle Filipowski,us USA,21,C,72,27,1522,260,77,183,140,48,22,102,690,Utah Jazz
Jaden Springer,us USA,22,PG,17,2,224,23,6,17,23,12,3,12,64,Utah Jazz
Micah Potter,us USA,26,C,38,10,705,57,31,26,31,14,14,31,162,Utah Jazz
Johnny Juzang,us USA,23,SG,64,18,1270,204,118,86,68,39,8,36,571,Utah Jazz
Marcus Smart,us USA,30,PG,15,1,280,48,20,28,38,16,3,19,140,Washington Wizards
Bilal Coulibaly,fr FRA,20,SF,59,59,1948,263,63,200,199,78,41,125,727,Washington Wizards
Johnny Davis,us USA,22,SG,34,0,242,32,7,25,11,15,6,7,80,Washington Wizards
Jordan Poole,us USA,25,SG,68,68,2001,457,235,222,303,86,27,204,1391,Washington Wizards
AJ Johnson,us USA,20,SG,22,11,595,74,21,53,69,11,3,31,200,Washington Wizards
Corey Kispert,us USA,25,SF,61,0,1602,255,120,135,103,26,14,64,705,Washington Wizards
Anthony Gill,us USA,32,PF,51,0,397,43,10,33,16,9,2,10,129,Washington Wizards
Bub Carrington,us USA,19,PG,82,57,2458,300,138,162,364,54,21,141,807,Washington Wizards
Kyle Kuzma,us USA,29,PF,32,30,887,191,45,146,79,20,7,73,486,Washington Wizards
Jaylen Martin,us USA,21,SF,13,0,234,30,6,24,17,9,0,12,75,Washington Wizards
Kyshawn George,us USA,21,SG,68,38,1802,203,114,89,169,68,50,97,590,Washington Wizards
Khris Middleton,us USA,33,SF,14,14,309,52,13,39,48,18,3,19,150,Washington Wizards
Colby Jones,us USA,22,SG,15,0,385,48,12,36,37,20,6,16,131,Washington Wizards
Alex Sarr,fr FRA,19,C,67,67,1814,326,105,221,161,44,101,114,869,Washington Wizards
Richaun Holmes,us USA,31,PF,31,7,534,90,0,90,42,9,23,21,230,Washington Wizards
Malcolm Brogdon,us USA,32,PG,24,13,564,104,16,88,98,13,5,38,305,Washington Wizards
Tristan Vukcevic,rs SRB,21,C,35,1,513,120,38,82,39,11,23,42,330,Washington Wizards
JT Thor,ss SSD,22,PF,11,0,207,16,3,13,5,6,6,3,43,Washington Wizards
Justin Champagnie,us USA,23,SF,62,31,1340,210,74,136,60,65,39,54,544,Washington Wizards
